headline,url
"Syrians search for relatives in the ‘human slaughterhouse,’ the prison that is a symbol of Assad’s repression",https://english.elpais.com
The factions that overthrew Assad in Syria: Who they are and why they are a difficult fit,https://english.elpais.com/international/2024-12-10/the-factions-that-overthrew-assad-in-syria-who-they-are-and-why-they-are-a-difficult-fit.html
Nobel laureates urge US Senate not to confirm Robert Kennedy as Secretary of Health,https://english.elpais.com
Lula da Silva undergoes surgery for an intracranial hemorrhage,https://english.elpais.com
,https://english.elpais.com
The ‘Bahia Emerald’: The story of a giant cursed gem stolen from Brazil  ,https://english.elpais.com/international/2024-12-09/the-bahia-emerald-the-story-of-a-giant-cursed-gem-stolen-from-brazil.html
Five signs of market excesses: What dangers lurk beneath the record highs? ,https://english.elpais.com/economy-and-business/2024-12-09/five-signs-of-market-excesses-what-dangers-lurk-beneath-the-record-highs.html
"Terror, massacre and voodoo in the latest episode of gang violence in Haiti",https://english.elpais.com/international/2024-12-10/terror-massacre-and-voodoo-in-the-latest-episode-of-gang-violence-in-haiti.html
Colombian mercenaries recruited to fight alongside paramilitaries in Sudan’s civil war,https://english.elpais.com/international/2024-12-09/colombian-mercenaries-recruited-to-fight-alongside-paramilitaries-in-sudans-civil-war.html
,https://english.elpais.com
,https://english.elpais.com
How schools and colleges are responding to Trump’s second term,https://english.elpais.com
,https://english.elpais.com
France’s leftist leader Mélenchon: ‘Macron cannot endure 30 months of appointing governments every three months’,https://english.elpais.com/international/2024-12-09/frances-leftist-leader-melenchon-macron-cannot-endure-30-months-of-appointing-governments-every-three-months.html
,https://english.elpais.com
,https://english.elpais.com
"Marco Grossi, the man behind the success of iLovePDF",https://english.elpais.com/technology/2024-12-08/marco-grossi-the-man-behind-the-success-of-ilovepdf.html
The professionals working for the super-rich   ,https://english.elpais.com/lifestyle/2024-12-08/the-professionals-working-for-the-super-rich.html
"‘Instagram therapy’ offers self-diagnoses and justifications, but it does not solve anything",https://english.elpais.com/lifestyle/2024-12-08/instagram-therapy-offers-self-diagnoses-vocabulary-and-justifications-but-it-does-not-solve-anything.html
,https://english.elpais.com
A gang of orcas uses an Ingenious techniques to hunt whale sharks in Mexico   ,https://english.elpais.com/science-tech/2024-12-07/a-gang-of-orcas-uses-an-ingenious-techniques-to-hunt-whale-sharks-in-mexico.html
How do we know dark matter exists if it can’t be detected?,https://english.elpais.com/science-tech/2024-12-06/how-do-we-know-dark-matter-exists-if-it-cant-be-detected.html
"AI to slash music and audiovisual industry revenues by over 20% by 2028, report warns",https://english.elpais.com/technology/2024-12-04/ai-to-slash-music-and-audiovisual-industry-revenues-by-over-20-by-2028-report-warns.html
The 24 DNA letters linked to autism,https://english.elpais.com
Russia turns to bartering  ,https://english.elpais.com/international/2024-12-07/russia-turns-to-bartering.html
When will COLA 2025 payments be sent? ,https://english.elpais.com/economy-and-business/2024-12-07/when-will-cola-2025-payments-be-sent.html
Texas water and the economic miracle are at risk of evaporating  ,https://english.elpais.com/usa/2024-12-07/texas-water-and-the-economic-miracle-are-at-risk-of-evaporating.html
,https://english.elpais.com
,https://english.elpais.com
,https://english.elpais.com
"Ridley Scott’s dizzying career at 87: Big hits, epic flops and multimillion-dollar budgets",https://english.elpais.com/culture/2024-12-05/ridley-scotts-dizzying-career-at-87-big-hits-epic-flops-and-multimillion-dollar-budgets.html
"Notre Dame, the cathedral that reinvented the Middle Ages  ",https://english.elpais.com/culture/2024-12-06/notre-dame-the-cathedral-that-reinvented-the-middle-ages.html
"Hollywood v. Madonna: ‘A bunch of people have tried to write movies about me, but they’re always men’",https://english.elpais.com/culture/2024-12-05/hollywood-v-madonna-a-bunch-of-people-have-tried-to-write-movies-about-me-but-theyre-always-men.html
"Journey to La Rumorosa, Mexico’s UFO town  ",https://english.elpais.com/travel/2024-12-07/journey-to-la-rumorosa-mexicos-ufo-town.html
"Obesity surgery in the time of Ozempic: ‘They are not two competing treatments, but rather complementary ones’",https://english.elpais.com/health/2024-12-03/obesity-surgery-in-the-time-of-ozempic-they-are-not-two-competing-treatments-but-rather-complementary-ones.html
Is Gwyneth Paltrow’s business empire nearing its end? Goop ends 2024 with lawsuits and layoffs,https://english.elpais.com/lifestyle/2024-12-02/is-gwyneth-paltrows-business-empire-nearing-its-end-goop-ends-2024-with-lawsuits-and-layoffs.html
,https://english.elpais.com
Eddie Redmayne: ‘I still can’t believe I get paid to do this’,https://english.elpais.com/culture/2024-12-06/eddie-redmayne-i-still-cant-believe-i-get-paid-to-do-this.html
‘Black Doves’ turns Keira Knightley into a spy: ‘We all have different versions of ourselves’,https://english.elpais.com/culture/2024-12-06/black-doves-turns-keira-knightley-into-a-spy-we-all-have-different-versions-of-ourselves.html
"Footballers to compete in 50°C heat at 2026 World Cup, study warns",https://english.elpais.com/climate/2024-11-28/footballers-to-compete-in-50c-heat-at-2026-world-cup-study-warns.html
,https://english.elpais.com
Texas’ war on porn,https://english.elpais.com/usa/2024-12-01/texas-war-on-porn.html
,https://english.elpais.com
,https://english.elpais.com
Listen now LOS40 USA,https://los40.us/
"Rauw Alejandro Brings the ‘Cosa Nuestra Tour’ to the United States: Dates, Tickets, Venues..",https://los40.us/2024/rauw-alejandro-brings-the-cosa-nuestra-tour-to-the-united-states-dates-tickets-venues-27401.html
Jay-Z Addresses Sexual Assault Claims with Diddy Involving a 13-Year-Old Girl,https://los40.us/2024/jay-z-addresses-sexual-assault-claims-with-diddy-involving-a-13-year-old-girl-27373.html
EL PAÍS offers free Spanish lessons with Gymglish,https://english.elpais.com/economy-and-business/2021-11-15/el-pais-offers-free-spanish-lessons-with-gymglish.html
Donald Trump’s term has already begun in Texas,https://english.elpais.com/usa/elections/2024-12-03/donald-trumps-term-has-already-begun-in-texas.html
"Pete Hegseth, the Fox host accused of sexual assault who wants to end diversity policies in the US military",https://english.elpais.com/usa/elections/2024-11-19/pete-hegseth-the-fox-host-accused-of-sexual-assault-who-wants-to-end-diversity-policies-in-the-us-military.html
The first battle: Claudia Sheinbaum moves against Trump’s immigration policy,https://english.elpais.com/international/2024-11-22/the-first-battle-claudia-sheinbaum-moves-against-trumps-immigration-policy.html
‘You can’t die over a sneaker’: Armed teenagers terrorize Naples,https://english.elpais.com/international/2024-11-12/you-cant-die-over-a-sneaker-armed-teenagers-terrorize-naples.html
José Mujica’s left returns to power in Uruguay,https://english.elpais.com/international/2024-11-25/jose-mujicas-left-returns-to-power-in-uruguay.html
Venezuela kicks off its most uncertain presidential campaign,https://english.elpais.com/international/2024-11-25/a-horrible-murder-compounded-by-police-negligence-how-sheyla-condor-was-killed-in-peru.html
The return of carry trade in Argentina: A financial maneuver generating 50% profit in dollars  ,https://english.elpais.com/economy-and-business/2024-11-02/the-return-of-carry-trade-in-argentina-a-financial-maneuver-generating-50-profit-in-dollars.html
An economic paradox: When savings are both a good and a bad idea,https://english.elpais.com/economy-and-business/2024-10-30/the-dead-end-of-chips-manufacturing-semiconductors-consumes-as-much-energy-as-entire-countries.html
"Grandiose luxury and 1,400 dead workers: The palace that wanted to be bigger than the Vatican",https://english.elpais.com/culture/2024-11-19/grandiose-luxury-and-1400-dead-workers-the-palace-that-wanted-to-be-bigger-than-the-vatican.html
DNA rewrites the history of Pompeii: The woman with the bracelet was a man and unrelated to the child on her lap ,https://english.elpais.com/science-tech/2024-11-07/dna-rewrites-the-history-of-pompeii-the-woman-with-the-bracelet-was-a-man-and-unrelated-to-the-child-on-her-lap.html
Nadine Burke-Harris: ‘A strong community can reverse childhood trauma’,https://english.elpais.com/health/2024-11-22/nadine-burke-harris-a-strong-community-can-reverse-childhood-trauma.html
The AI sexualization of the Vatican’s mascot and the limits of Rule 34: Everything on the internet can be ‘pornified’,https://english.elpais.com/technology/2024-11-13/the-ai-sexualization-of-the-vaticans-mascot-and-the-limits-of-rule-34-everything-on-the-internet-can-be-pornified.html
‘A devastating cocktail for the face’: Is Ozempic aging us prematurely?  ,https://english.elpais.com/lifestyle/2024-11-02/a-devastating-cocktail-for-the-face-is-ozempic-aging-us-prematurely.html
A ‘don’t text your ex’ shirt and divorce rings: Fashion leads a break-up paradigm shift,https://english.elpais.com/lifestyle/2024-10-25/a-dont-text-your-ex-shirt-and-divorce-rings-fashion-leads-a-break-up-paradigm-shift.html
"Racism, sexism and LGBTQphobia tarnish the rise of women’s basketball in the US",https://english.elpais.com/sports/2024-11-04/racism-sexism-and-lgbtqphobia-tarnish-the-rise-of-womens-basketball-in-the-us.html
"Climbing without a rope, between freedom and psychopathy",https://english.elpais.com/sports/2024-10-22/the-celtics-and-the-curse-of-the-champion.html
